{"cameraMode":{"drawMode":0,"name":"Shaded","section":"Shading Mode"},"sceneLighting":true,"audioPlay":false,"sceneViewState":{"showFog":true,"showMaterialUpdate":false,"showSkybox":true,"showFlares":true,"showImageEffects":true,"showParticleSystems":true},"in2DMode":false,"pivot":{"x":1.5142204761505128,"y":0.516707181930542,"z":-0.3355281352996826},"rotation":{"x":-0.09313836693763733,"y":-0.02777801640331745,"z":0.0025993981398642065,"w":-0.9952622652053833},"size":2.430478572845459,"orthographic":false}